http://www.yangtse.com/app/internet/2018-02-14/519262.html,"[<div class=""text-title"">俄成功发射“进步MS－08”货运飞船</div>]","[<div class=""text-time"">来源：新华社 　2018-02-14 09:35:10</div>]"
http://www.yangtse.com/app/internet/2018-02-14/519260.html,"[<div class=""text-title"">“穿戴式外骨骼助力机器人”发布样机 似钢铁战衣</div>]","[<div class=""text-time"">来源：科技日报　2018-02-14 09:33:09</div>]"
http://www.yangtse.com/app/internet/2018-02-14/519249.html,"[<div class=""text-title"">预计将执行35次发射任务！ 2018，长征火箭会很忙</div>]","[<div class=""text-time"">来源：人民日报　2018-02-14 09:09:45</div>]"
http://www.yangtse.com/app/internet/2018-02-13/519036.html,"[<div class=""text-title"">女科学家的高效人生:准备考研仅用10天 考博用3天</div>]","[<div class=""text-time"">来源：中国青年报　2018-02-13 17:01:12</div>]"
http://www.yangtse.com/app/internet/2018-02-13/519035.html,"[<div class=""text-title"">美航天局宣布将推行国际空间站的商业化</div>]","[<div class=""text-time"">来源：新华社　2018-02-13 16:55:00</div>]"
http://www.yangtse.com/app/internet/2018-02-13/519030.html,"[<div class=""text-title"">“三星高照”天文美景现身除夕夜　寓意“合家团圆”</div>]","[<div class=""text-time"">来源：新华社　2018-02-13 16:51:10</div>]"
http://www.yangtse.com/app/internet/2018-02-13/519007.html,"[<div class=""text-title"">DNA新技术可筛查新生儿193种疾病</div>]","[<div class=""text-time"">来源：科技日报 　2018-02-13 16:19:13</div>]"
http://www.yangtse.com/app/internet/2018-02-13/519006.html,"[<div class=""text-title"">是钻石恒久远 还是骗局永流传</div>]","[<div class=""text-time"">来源：科技日报　2018-02-13 16:13:52</div>]"
http://www.yangtse.com/app/internet/2018-02-13/518899.html,"[<div class=""text-title"">科学家分离出小麦叶枯病天然抗病基因</div>]","[<div class=""text-time"">来源：新华社　2018-02-13 14:16:01</div>]"
http://www.yangtse.com/app/internet/2018-02-13/518777.html,"[<div class=""text-title"">我国地面机器人首次投入极地探路应用</div>]","[<div class=""text-time"">来源：新华社　2018-02-13 10:30:09</div>]"
http://www.yangtse.com/app/internet/2018-02-13/518732.html,"[<div class=""text-title"">科普：头脑解码——脑电波会揭示你在听什么歌</div>]","[<div class=""text-time"">来源：新华社　2018-02-13 10:05:53</div>]"
http://www.yangtse.com/app/internet/2018-02-13/518731.html,"[<div class=""text-title"">中美学者用冷冻电镜解析大脑神经突触“黑匣子”</div>]","[<div class=""text-time"">来源：新华社 　2018-02-13 10:03:58</div>]"
